brand,name,old_price_reais,old_price_centavos,new_price_reais,new_price_centavos,reviews_rating_number,reviews_amount
OLYMPIKUS,Tênis Olympikus Masculino Leve Caminhada Sonoro Br Original,329,99,31,99,,
,Tenis Casual Knu Skool Black White Preto E Branco Lançamento,267,90,160,74,,
ASICS,Tênis De Corrida Asics Gel-hypersonic 5 Preto Marinho,599,90,59,,,
OLYMPIKUS,Tênis Olympikus Inverse Preto Unissex,350,,35,,,
OLYMPIKUS,Tênis Masculino Olympikus Giro Caminhada E Corrida,299,99,33,33,,
OLYMPIKUS,Tênis Olympikus Mescla,289,99,28,11,,
UNDER ARMOUR,Tênis Under Armour Ch Quicker Preto/militar,359,90,35,99,,
,Tênis Masculino Ecotênis Caminhada Corrida Academia Conforto,68,90,22,97,,
OLYMPIKUS,Tênis Olympikus Dynamic Steel Esportivo Academia Original,279,99,27,15,,
OLYMPIKUS,Tênis Olympikus Veloz 3 Masculino,299,90,33,32,,
,Tênis Ecotênis Conforto Extra Leve Treino Academia Caminhada,64,90,21,63,,
NIKE,Tênis Nike Winflo 11 Masculino,699,99,67,86,,
,Tênis Para Treino Academia Corrida Caminhada Extra Leve,58,90,19,63,,
SKECHERS,Tênis Skechers Go Run Lite Masculino Preto,449,90,44,,,
ASICS,Tênis De Corrida Asics Gel-hypersonic 5 Preto Marinho,599,90,59,,,
OLYMPIKUS,Tênis Esportivo Olympikus Cyber 4 Preto Masculino Original,279,90,31,10,,
OLYMPIKUS,Tenis Olympikus Titanium 43281293-pewter,399,35,38,72,,
OLYMPIKUS,Tênis Olympikus Masculino Leve Caminhada Sonoro Br Original,329,99,31,99,,
OLYMPIKUS,Tênis Original Olympikus Challenger 5 Corrida Leve Masculino,299,99,33,33,,
OLYMPIKUS,Tênis Olympikus Beats Preto E Branco - Masculino,299,99,33,33,,
OLYMPIKUS,Tenis Olympikus Bloco 43558357-ptopt,259,35,25,14,,
OLYMPIKUS,Tênis Olympikus Reverso 2 Tecnologia Eleva Gripper Envio Já,379,99,38,,,
FILA,Tênis Fila Progress Lite Unissex Preto Vermelho,309,90,30,99,,
MIZUNO,Tênis Mizuno Hawk 5 Masculino Preto E Branco Original,384,98,349,45,,
FILA,Tênis Fila Caminhada Corrida Macio Leve Confortável,299,99,33,33,,
ASICS,Tênis Asics Novablast 4 Platinum 2024 - Blue Exp/champagne,1.099,90,109,,,
FILA,Tênis Fila Clip Masculino Original,307,99,278,95,,
OLYMPIKUS,Tênis Msculino Olimpicos Original Calçe Facil Ultra Leve,249,90,237,40,,
OLYMPIKUS,Tênis Olympikus Challenger 5 Corrida,310,,31,,,
,Tênis Confortável Treino Academia Ecotênis Corrida Conforto,58,90,5,73,,
OLYMPIKUS,Tênis Original Olympikus Challenger 5 Corrida Leve Masculino,299,99,254,99,,
OLYMPIKUS,Tênis Olympikus Beats Masculino Confortável Estiloso,299,99,29,08,,
OLYMPIKUS,Tênis Olympikus Challenger 5 Caminhada Corrida Original,299,99,33,33,,
MIZUNO,Tenis Mizuno Ref:101118118 34/44 Action 4 Jogging Mesh,419,90,41,99,,
OLYMPIKUS,Tênis Esportivo Olympikus Reverso 2 Macio Leve Confortável ,379,99,36,84,,
OLYMPIKUS,Tênis Olympikus Reverso 2 Cano Baixo Versatil Calce Facil,379,99,36,84,,
OLYMPIKUS,Tênis Olympikus Reverso 2 Tecnologia Gripper E Hypersox Nfe,379,99,36,84,,
FILA,Tênis Fila Progress Lite Azul Marinho Branco Unissex ,289,90,28,11,,
,Tênis Ecotênis Resistente Trabalho Conforto Extra Leve,68,90,22,97,,
FILA,Tênis Fila Efecto Vermelho Azul Marinho Masculino ,279,90,27,14,,
OLYMPIKUS,Tênis Olympikus Corrida Caminhada Macio Leve Resistente ,349,99,33,93,,
OLYMPIKUS,Tênis Olympikus Subverse Preto Corrida Envio Já - Masculino,349,99,33,93,,
FILA,Tênis Fila Float Maxxi 2 Masculino Preto E Vermelho,736,84,699,99,,
OLYMPIKUS,Tênis Olympikus Inverse - Masculino 25154,399,99,40,,,
MIZUNO,Tênis Mizuno Bold - Masculino 25158,399,99,40,,,
MIZUNO,Tênis Mizuno Action 3 - Masculino 25159,399,99,40,,,
OLYMPIKUS,Tênis Olympikus Lançamento Dia A Dia Casual Masculino,299,99,29,08,,
OLYMPIKUS,Tênis Olympikus Challenger 5 Academia Corrida Treino Cross,299,99,29,08,,
OLYMPIKUS,Tênis Olympikus Beats Para Treino Academia Caminhada Corrida,299,99,29,08,,
OLYMPIKUS,Tênis Olympikus Dynamic Esportivo Academia Macio Original,289,99,275,49,,
MIZUNO,Mizuno Wave Mirai 6 Masculino Adultos,529,32,497,56,4.6,(28)
,Kit 2 Tênis Masculino Ferrari New Scuderia Confort Qualidade,299,99,176,99,,
ASCENSION,Tênis Esportivo Ortopédico Para Academia Treino Dia A Dia,144,90,127,51,4.5,(476)
KALENJI,Tênis De Corrida Masculino Run Active Grip,317,39,30,77,,
FILA,Tênis Prisma Masculino Fila Running Corrida Cross Treino,322,90,31,31,,
OLYMPIKUS,Tênis Olympikus Dynamic Esportivo Academia Macio Original,279,99,265,99,,
ASICS,Tênis Asics Gel Shogun 5 Masculino Marinho,499,90,49,,,
OLYMPIKUS,Tênis Olympikus Dynamic Steel Esportivo Academia Original,279,99,260,39,,
,Tenis Casual Knu Skool Black White Preto E Branco Lançamento,267,90,160,74,,
ASICS,Tênis Asics Original Moda Gel Couro Academia Macio Unissex,333,33,99,99,,
OLYMPIKUS,Tênis Olympikus Veloz 3 Esportivo Masculino Original,315,80,289,10,,
PROSPECT,Tênis Masculino Prospect Fly Academia Esporte Corrida Leve,69,90,44,73,4.0,(55)
FILA,Tênis Fila Prisma Masculino Marinho E Laranja Original,417,98,300,94,,
OLYMPIKUS,Tênis Esportivo Masculino Dia A Dia Corrida Olympikus Fluir,199,90,33,32,,
ASICS,Tênis Masculino Asics Gel-shogun 6 Preto,349,90,33,92,,
OLYMPIKUS,Tênis Olympikus Fluir Leve Caminhada Treino Corrida Academia,189,90,18,46,,
OLYMPIKUS,Tênis Olympikus Reverso 2 Castanho - Masculino,379,99,38,,,
OLYMPIKUS,Tenis Olympikus Titanium 43281293-arenit,399,35,38,72,,
,Kit Tênis P/ Academia Treino Masculino Ultra Leve + Relógio,69,90,59,41,,
OUSY SHOES,Kit Tênis Masculino Caminhada 3 Pares Easy Confortável Combo,229,90,172,42,4.5,(8518)
OLYMPIKUS,Tênis Masculino Olimp Para Corrida E Caminhada Macio E Leve,279,99,229,59,5.0,(45)
BBS,Tênis Para Corridas Para Passeios Tênis Super Versátil,88,90,8,64,,
OLYMPIKUS,Tenis Olympikus Hybrid 43262313-mrho,359,35,34,84,,
ASICS,Tênis Asics Versablast 2 Se Masculino,399,90,39,,,
,Kit Tênis Masculino Academia Corrida Treino Leve + Relógio,149,90,142,40,,
OLYMPIKUS,Tênis Olimpicos Masculino Todo Preto Uniforme Escola Militar,195,90,186,10,,
OLYMPIKUS,Tenis Olympikus Veloz 3 43502346-creme,299,35,29,02,,
OLYMPIKUS,Tenis Olympikus Clic 43303329-ptopt,249,35,24,24,,
ASICS,Tênis Asics Corrida Trilha Macio Leve Confortável Resistente,999,99,100,,,
OLYMPIKUS,Olympikus Treino Beats Masculino Adultos,299,17,248,12,4.8,(57)
OLYMPIKUS,Tênis Olympikus Subverse Preto - Masculino,349,99,35,,,
OLYMPIKUS,Tênis Olympikus Dynamic Steel Esportivo Academia Original,279,99,260,39,,
PUMA,Tênis Puma St Runner V4 Mesh Marinho E Branco Original,439,98,322,66,,
OLYMPIKUS,Tênis Olympikus Masculino Lançamento Original Macio Leve,499,99,48,47,,
FILA,Tênis Fila Float Maxxi 2 Masculino Azul Treino Corrida,679,90,65,92,,
,Kit Tênis De Academia Masculino Conforto Leve + Relógio,69,90,59,41,,
OLYMPIKUS,Kit Tênis Olympikus Veloz 3 Masculino E Meia,329,98,302,33,,
OLYMPIKUS,Tênis Olympikus Reverso 2 Corrida Macio Leve Resistente,379,99,36,84,,
,Tenis Unissex Para Academia Crossfit Onimports,77,90,74,19,,
EVOLTENN,Kit 3 Pares Tênis  Academia Corrida Macio Leve Combo Barato,199,90,33,32,,
ACTVITTA,Tênis Actvitta Masculino Casual Calce Fácil Preto - 4901.231,179,57,148,14,,
OLYMPIKUS,Tênis Olympikus Bloco Unissex Bege E Preto Original,285,98,214,19,,
OLYMPIKUS,Tênis Olympikus Challenger 5 Corrida - Masculino,299,99,254,99,,
OLYMPIKUS,Tênis Olympikus Challenger 5 Cano Baixo Calce Facil Novo,299,99,254,99,,
FILA,Tênis Fila Fulltime Masculino Preto E Cinza Original,307,98,219,45,,
OLYMPIKUS,Tênis Olympikus Challenger 5 Original Ultra Leve Moderno Nfe,299,99,29,08,,
OLYMPIKUS,Tênis Masculino Urbano Ast 43475199 - Olympikus,273,97,260,27,,
OLYMPIKUS,Tenis Olympikus Veloz Masculino Eleva+ Gripper Original,309,95,269,65,,
MIZUNO,Tênis Mizuno Hawk 5 Preto Vermelho,349,99,33,93,,
OLYMPIKUS,Tênis Olympikus Reverso 2 Tecido Knit Bicolor Flexivel Nfe,379,99,36,84,,
OLYMPIKUS,Tênis Esportivo Olympikus Reverso 2 Resistente Confortavel,379,99,36,84,,
OLYMPIKUS,Tênis Academia Treino Olympikus Cyber 4 Antiderrapante,299,99,33,33,,
RABUTSS,Tênis Masculino Macio Casual Academia Dia Dia Treino Esporte,165,90,33,18,,
OLDSEN,Kit 3 Tenis Masculino Esportivo Corrida Caminhada Unissex,259,90,25,20,,
,Kit Tênis Masculino Esportivo + Chinelo + Relógio E Carteira,139,90,125,91,,
MIZUNO,Tênis Mizuno Wave Invictus 3 Masculino Marinho Cinza,1.029,85,99,,,
,Kit Tênis Academia Caminhada Unissex + Meia Lupo + Relógio,124,90,112,41,,
DUBBELE,Tenis Masculino Academia Corrida Wave Force Promoção Barato,73,98,7,19,4.2,(566)
PROSPECT,Kit 3 Tênis Masculino Prospect Speed Academia Leve + Relógio,219,90,138,53,4.3,(64)
,Tenis Olimp Esportivo Masculino Feminino Leve E Macio,78,90,7,67,4.1,(8471)
VIA LIVRE,Tênis Adulto Masculino Advanced Sport Solado Eva Leve ,155,32,31,06,,
OLYMPIKUS,Tênis Olympikus Reverso 2 Azul Leve Envio Já - Masculino,379,99,36,84,,
OLYMPIKUS,Tênis Olympikus Bloco Masculino Original,285,98,210,19,,
FILA,Tênis Fila Masculino Fulltime Original,307,98,215,45,,
OLYMPIKUS,Tênis Corrida Olympikus Challenger 5 Adulto,339,79,33,98,,
OLYMPIKUS,Tênis Olympikus Soma Unissex Preto E Verde Cod: 16827,209,99,188,99,,
,Tenis Masculino Academia Corrida Caminhada Leve Barato,69,90,59,41,4.6,(951)
OLYMPIKUS,Tênis Masculino Olimp Para Corrida E Caminhada Macio E Leve,279,99,229,59,5.0,(45)
SAPATOFRAN,Tênis Masculino Academia Corrida Caminhada Cross Fit Barato,102,90,90,55,5.0,(2)
FILA,Tênis Fila Float Maxxi 2 Masculino Preto Vermelho Treino,679,90,65,92,,
OLYMPIKUS,Tênis Masculino Olympikus Orbita Amortecedor Macio Corrida,224,90,206,91,,
,Tênis Academia Esportes Corrida Confortável Leve Unissex,129,87,79,22,,
,2 Tênis Academia Esportes Kit Corrida Macio Leve Unissex,199,87,169,88,,
OLYMPIKUS,Tênis Masculino Olympikus Giro Super Macio Caminhada Corrida,385,50,269,69,,
OLYMPIKUS,Tênis Meia Masculino Knit Calce Fácil Confortável Olympikus,279,90,31,10,,
OLDSEN,Tenis Masculino Unissex Botinha Corrida Academia Promoção,78,90,74,95,4.4,(1351)
DIX,Tênis Para Academia Masculino Malhar Corrida Promoção,78,90,61,54,4.5,(2585)
,Tênis Masculino Mercedes Petronas Mapf1 Amg Corrida Promoção,159,99,95,99,,
ON RUNNING,Tênis On Running Cloudflash Masculino,699,90,69,,,
FILA,Tênis Fila Maxximus Masculino Preto Treino Academia,499,90,48,47,,
OLYMPIKUS,Tênis Olympikus Unissex Reverso 2 Versátil Corrida Treino,379,90,36,83,,
,Tênis De Corrida Masculino Confortável Macio Esportivo,199,90,189,90,,
FREE JUMP,Tênis Esporte Academia Corrida Caminhada Confortável Leve,119,90,89,92,,
ADRUN,Tênis Masculino Adrun Flex Go Esportivo Preto E Grafite,179,99,17,50,,
HOST,Tênis De Corrida Host Masculino Confortável Macio P Academia,149,99,37,50,,
MIZUNO,Tênis Mizuno Wave Zest 2 - Masculino - Preto-cinza,449,90,44,99,,
OLDSEN,Kit 2 Tênis Masculino Esporte Academia Caminhada Crossfit,199,90,19,43,,
,Tênis Masculino Corrida Esportivo Calce Fácil Academia Nl452,88,90,29,63,,
FILA,Tenis Fila Venture Tracer Masculino F01at00065-6148,399,44,38,73,,
OLYMPIKUS,Tênis Masculino Olympikus Para Caminhada Zex,299,90,33,32,,
,Tênis Masculino De Nylon Actvitta Original,169,90,33,98,,
FILA,Tênis Fila Masculino Maxximus,722,90,506,03,,
FILA,Tenis Fila Efecto Masculino-vermelho/marinho/branco,279,99,223,99,,
OLYMPIKUS,Tênis Olympikus Reverso 2 Corrida Caminhada Treino Cross Fit,379,99,38,,,
LYND,Tênis Lynd Esportivo Masculino 664 Y98 Caminhada Original,239,99,23,33,,
,Tenis Masculino Preto Academia Caminhada Esportivo Treino,70,63,23,54,,
DK SHOES,Tenis Masculino Basico Estiloso Street Casual Preto Branco,83,02,62,27,,
ULTRABONE,Kit 2 Pares Tênis Unissex Esportivo Ultra Academia +relógio,159,87,15,54,,
,Tênis Masculino Academia Corrida Treino Flexível Confortável,129,90,123,40,,
ASICS,Tênis Asics Gel-quantum 180 Fly Masculino Original,669,90,66,99,,
OLYMPIKUS,Tênis Original Olympikus Reverso 2 Azul - Masculino,379,99,38,,,
BOX200,Tênis Caminhada Palmilha Macia Masculino Box200 Bx2416,83,10,8,08,,
OLYMPIKUS,Tênis Olympikus Veloz 3 Unissex Preto E Branco Original,329,98,241,08,,
FILA,Tênis Fila Safe Masculino Preto E Branco Original,329,98,228,31,,
,Tênis Masculino Bmw Motorsport Casual Esportivo Promoção 3l,159,99,95,99,,
OLYMPIKUS,Tênis Olympikus Challenger 5 Design Moderno Versatil Novo,299,99,33,33,,
,Tênis Coca Cola March Limited Leather Branco Masculino,169,90,16,51,,
,Tênis Esportivo Unissex Keep Moving Corrida Academia Macio,149,90,37,48,,
ASICS,Tênis Asics Gel Nimbus 26 Platinum Azul Marinho - Masculino,1.299,90,129,,,
OLYMPIKUS,Tênis Olympikus Beats Branco - Masculino,299,99,33,33,,
,Tênis Masculino Ecotênis Trabalho Extra Leve Treino Academia,67,90,22,63,,
FILA,Tênis Fila Progress Lite Masculino Preto Academia Treino,262,90,25,49,,
FILA,Tênis Fila Masculino Street Fit 2 Original Lançamento,414,98,331,98,,
OLYMPIKUS,Olympikus CORRIDA Voa 2 Masculino Adultos,299,99,208,99,4.8,(583)
PROSPECT,Kit 3 Tênis Masculino Prospect Speed Academia Leve + Relógio,219,90,138,53,4.3,(64)
,Tenis Masculino Academia Corrida Caminhada Leve Barato,69,90,59,41,4.6,(951)
OLDSEN,Tenis Masculino Unissex Botinha Corrida Academia Promoção,78,90,74,95,4.4,(1351)
OLYMPIKUS,Olympikus CORRIDA Voa 2 Masculino Adultos,299,99,208,99,4.8,(583)
ULTRABONE,Kit 2 Pares Tênis Unissex Esportivo Academia Ortopédico Maci,154,87,15,05,,
,Kit Tênis De Academia Corrida Super Leve + Relógio Digital,69,90,62,91,,
,Tênis Masculino Leve Esportivo Sapato Confortável Promoção,49,33,16,,,
REEBOK,Tênis Reebok Nanoflex Tr V2 Homem,599,90,395,93,,
UNDER ARMOUR,Tênis Under Armour Slight 3,359,99,323,99,,
SAPATOFRAN,Tênis Masculino Academia Corrida Caminhada Cross Fit Barato,102,90,90,55,5.0,(2)
DIX,Tênis Para Academia Masculino Malhar Corrida Promoção,78,90,61,54,4.5,(2585)
,Tênis Masculino Mercedes Petronas Mapf1 Amg Corrida Promoção,159,99,95,99,,
FILA,Tenis Fila Float Maxxi 2 Masculino-marinho/azul/verde Claro,639,99,511,99,,
OLYMPIKUS,Tenis Olympikus Masculino Reverso/133 Academia Caminhada,422,21,40,93,,
,Tenis Actvitta Casual Caminhada Confortavel Masculino,169,90,33,98,,
FILA,Tênis Fila Racer Comet Masculino Original,349,90,34,99,,
,Sapatenis Masculino Calce Facil Trabalho Casual Confort Way ,99,99,33,33,,
ASCENSION,Tênis Masculino Confortável Anti-impacto Esportes Corrida ,109,90,10,68,,
XSMART®,Tênis Academia Esporte Corrida Fitness,89,90,29,97,,
OLYMPIKUS,Tênis Masculino Corrida Olimpicos Marte Solado Evasense Leve,195,90,19,04,,
,Tênis Esportivo Masculino Meia Fitness Academia Corrida,79,33,26,,,
OLYMPIKUS,Tênis Olympikus Reverso 2 Creme E Azul - Masculino,379,99,38,,,
FILA,Tenis Fila Float Maxxi 2 Masculino Laranja/prata/branco,639,99,511,99,,
OLYMPIKUS,Tênis Olympikus Venum Tecnologia Evasense E Covergrid,229,99,22,36,,
OLYMPIKUS,Tênis Olympikus Dynamic Steel Esportivo Academia Original,279,99,265,99,,
MIZUNO,Tênis Mizuno Wave Vitality 6 Treino Masculino,449,90,44,99,,
ASICS,Tênis Asics Gel-shogun 7 - Masculino 25008,539,99,54,,,
OLYMPIKUS,Olympikus Challenger 5 Cinza Branco Adulto.,299,99,284,99,,
OLYMPIKUS,Tenis Masculino Olympikus  Veloz 3 43502346 Laranja,299,90,33,32,,
OLYMPIKUS,Tênis Olympikus Diffuse 5 Masculino - Preto E Vermelho,299,99,269,99,,
FILA,Tênis Fila Athlon Masculino Esportivo 2024 - Original,284,90,256,41,,
,Tenis Masculino Moderno Casual Promoção Top Esporte Academia,59,90,5,82,,
NEW BALANCE,Tênis Masculino Original New Balance 997s Sport Novas Cores,229,99,209,29,,
NEW BALANCE,New Balance 997s Masculino Adultos,196,90,183,11,4.5,(11)
OLLIE,Tênis Masculino Ollie Virtus Academia Corrida Macio Branco,169,99,151,29,,
XSMART®,Tênis Casual Air Ds Leve E Confortável Promoção,89,90,29,97,,
,Tênis Tamanho Especial Masculino Academia Macio Caminhada,149,90,112,42,,
OLYMPIKUS,Olympikus Diffuse 5 Masculino Adultos,299,99,269,79,4.8,(504)
FILA,Tênis Masculino Street Fit 2 Fila,445,90,356,72,,
OLYMPIKUS,Tênis Olympikus Venum Tecnologia Evasense Com Amortecedor,229,99,190,89,,
ADIDAS,Tênis adidas Lite Racer 4.0 - Original,299,99,284,99,,
FILA,Tênis Fila Efecto Masculino Vermelho Azul Marinho,289,90,32,21,,
OLYMPIKUS,Tênis Olympikus Reverso 2 Reforçado Antiderrapante Novo,379,99,322,99,,
,Tenis Masculino Academia Preto Caminhada Esportivo Promoção,70,63,23,54,,
OLYMPIKUS,Tênis Olympikus Diffuse 5 Masculino - Preto E Vermelho,299,99,269,99,,
OLYMPIKUS,Tenis Olympikus Hybrid 43262313-castor,359,35,34,84,,
FILA,Tênis Fila Efecto Vermelho Azul Marinho Masculino ,279,90,27,14,,
XSMART®,Tênis Casual Air Ds Leve E Confortável Promoção,89,90,29,97,,
,Tênis Esportivo Masculino Feminino Academia Corrida Casual,49,90,16,63,,
FILA,Tênis Fila Ride Masculino - Azul Marinho E Verde Lima,259,38,32,,,
PROSPECT,Tenis Masculino Barato Corrida Academia Caminhada Leve,69,90,23,30,,
,Tênis Masculino Esportivo Corrida Academia Confortável Nl434,92,90,9,03,,
OLYMPIKUS,Tênis Olympikus Dynamic Steel Esportivo Academia Original,279,99,257,59,,
MIZUNO,Tênis Mizuno Wave Vitality 6,439,56,42,,,
,Tênis Masculino Bmw Motorsport Casual Esportivo Promoção 3l,159,99,95,99,,
,Tênis Masculino Academia Rixxon Leve Promoção Barato ,87,90,60,65,4.5,(680)
OLYMPIKUS,Tenis Olympikus Corrida Veloz 2 Masculino,199,90,189,90,,
NEW BALANCE,Tênis New Balance 520v8 Unissex Azul Preto Corrida,369,90,332,91,,
OLYMPIKUS,Tênis Olympikus Beats Masculino Lançamento Original Macio,299,99,33,33,,
OLYMPIKUS,Tênis Olympikus Challenger 5 Cinza - Masculino,299,99,254,99,,
,Tênis Masculino Esportivo Corrida Academia Confortável Nl434,77,90,25,97,,
OLYMPIKUS,Tênis De Corrida Olympikus Veloz 3 Unissex Original,299,90,269,91,,
OLYMPIKUS,Tênis Olympikus Reverso 2 Azul Caminhada Corrida - Masculino,379,99,38,,,
ASICS,Tênis Masculino Asics Academia Envio Imeditao Promoção Full,300,,114,,,
,Tenis Esporte Academia Corrida Caminhada Confortável Leve,69,90,6,79,4.5,(662)
OLDSEN,Tênis Masculino Jaguar Oldsen Treino Corrida Promoção Top,78,97,7,68,4.4,(3053)
FILA,Tênis Fila Safe Masculino Marinho E Verde Original,329,98,228,31,,
OLYMPIKUS,Tênis Olympikus Com Amortecimento Para Corrida Voa,299,90,33,32,,
PUMA,Tênis Puma Runner City Bdp Masculino,444,70,44,47,,
,Kit 2 Tênis Masculino Casual Sola Reta Básico Leve + Relógio,159,90,31,98,,
NEW BALANCE,Tênis New Balance 520v8 Unissex Azul Marinho,379,90,341,91,,
BOX200,Tênis Masculino Esportivo Box200 Running Preto Conforto,89,99,30,,,
,Tenis Masculino Confortavel Leve Academia Promoçao Original,99,90,84,90,4.5,(243)
,Tenis Para Caminhada Academia Corrida Treino - Leve E Macio,64,90,6,31,4.5,(467)
,Tenis Masculino Feminino Academia Leve Macio Confortável,78,99,71,09,4.5,(2214)
,Tênis Meia Unissex Sem Cadarço Calce Fácil Macio Promoção,47,67,15,,,
OLYMPIKUS,Tenis Olympikus Veloz 3 43502346-lranja,299,44,29,03,,
OLYMPIKUS,Tênis Olympikus Fluir Leve Caminhada Treino Corrida Academia,199,90,33,32,,
OLYMPIKUS,Tênis Olympikus Beats Masculino Qualidade Macio Leve Nf,299,99,29,08,,
RAINHA,Tênis Rainha Drive Unissex Corrida Treino Academia Original,199,99,159,99,5.0,(1)
OLYMPIKUS,Tênis Olympikus Corrida Caminhada Macio Leve Confortável,379,99,36,84,,
LYND,Tênis Masculino Lynd Gravit Flux 2,229,90,32,84,,
MIZUNO,Mizuno Wave Mirai 6 Masculino Adultos,529,32,497,56,4.6,(28)
OLYMPIKUS,Tênis Olympikus Cyber 4 Masculino Confortável Leve 43285288,249,99,224,99,,
,Tênis Meia Masculino E Feminino Leve Lançamento,49,79,16,60,,
OLYMPIKUS,Tênis Olympikus Rayo,299,99,194,99,,
MORMAII,Tênis Mormaii Soul - 204022-08,158,86,31,77,,
MIZUNO,Tênis Mizuno Victory Rsp Masculino,474,70,47,47,,
FILA,Tênis Fila Racer Comet Masculino Marinho,349,90,34,99,,
,Tênis Masculino E Feminino Olk Caminhada Academia Corrida,198,97,115,40,,
NEW BALANCE,Tênis New Balance Arishi V4+ 2024 Masculino,478,90,47,89,,
AS,Tênis Gel Academia Corrida Leve E Macio Frete Gratis Promoç,105,31,35,10,,
FILA,Tênis Fila Masculino Street Fit 2 Original Lançamento,414,98,40,23,,
FILA,Tênis Fila Racer Sky Preto E Cinza Masculino Original,384,99,260,46,,
OLYMPIKUS,Tênis Masculino Olimpicos Macio Eleva+ Escola Militar Macio,195,90,186,10,,
SCHIARELI,Tênis Esportivo Academia Trilha Corrida Trabalho Modelo 595,118,99,113,04,,
ASICS,Kit 2 Pares Tenis Asics Gel Sendai Macio E Confortável,499,94,199,97,,
FILA,Tenis Fila Venture Tracer Masculino F01at00065-589,399,44,38,73,,
FILA,Tênis Fila Masculino Racer Carbon 2,1.543,90,1.080,78,,
FILA,Tênis Fila Prisma Masculino Original,417,98,279,75,,
,Tênis Esportivo Masculino Sneaker Solado Confortável  Leve,79,33,26,,,
,Tenis Masculino Air Original Caminhada Corrida Confortavel,78,,26,,,
OLYMPIKUS,Tênis Olympikus Volcan 2 Masculino 38/43,199,99,179,99,,
OLYMPIKUS,Tênis Olympikus Venum Original Lançamento Com Envio Imediato,229,99,172,49,,
TRYD,Tênis Para Treino Academia Caminhada Corrida Tryd 5400 Leve,99,99,67,99,4.5,(11164)
OLYMPIKUS,Olympikus Treino Dynamic Masculino Adultos,349,99,201,99,4.8,(8385)
ASICS,Tênis Asics Original Casual Gel Couro Academia Macio Barato,299,90,98,96,,
NB,Tênis Nb Sport 997s Masculino Original Têxtil Importado,239,88,196,70,,
OLYMPIKUS,Tênis Olympikus Veloz 3 Corrida Unissex Esportivo Leve,299,90,33,32,,
,Tênis Casual Masculino Academia Treino Corrida Confortável,78,90,63,90,,
,Tenis Olimp Esportivo Masculino Feminino Leve E Macio,78,90,7,67,4.1,(8471)
OLIMPAK,Tênis Masculino Olimpak Para Academia Caminhada Original,109,29,103,82,4.5,(2417)
OLDSEN,Tenis Corrida Casual Insanity Leve Confortável Macio 34-43,63,90,6,21,4.5,(328)
,Tenis Masculino Para Academia #promoção,77,90,58,42,4.6,(732)
OLYMPIKUS,Tênis Original Olympikus Reverso 2 Corrida - Masculino,379,99,38,,,
OLYMPIKUS,Tênis Olympikus Reverso 2 Azul Caminhada Corrida - Masculino,379,99,330,59,,
OLYMPIKUS,Tênis Olympikus Reverso 2 Azul Leve Envio Já - Masculino,379,99,300,19,,
,Tênis Preto Esportivo Academia Corrida Tamanho Grande Treino,78,90,67,06,,
FILA,Tenis Fila Racer T2 S Masculino Corrida Running Triathlon,449,90,395,91,,
,Kit Tênis Academia Tenaz Sports + Garrafa Térmica Digital,77,67,25,,,
GENÉRICA,Tênis Masculino Esportivo Caminhada Corrida Academia,79,90,26,63,,
FILA,Tênis Fila Ride Masculino - Azul Marinho E Verde Lima,259,38,32,,,
ASCENSION,Tenis Masculino Corrida Leve Academia Esportivo,129,90,12,63,,
OUSY SHOES,Tênis Ousy Masculino Treino Alta Performance Design Moderno,98,90,9,61,,
OLYMPIKUS,Tênis Olympikus Masculino Color Adulto Original Veloz 3 Br,299,99,29,08,,
MIZUNO,Mizuno Prophecy 12s Camaleão Refletivo Importado Vietnã,349,90,34,99,,
OLYMPIKUS,Tênis Corrida Olympikus Challenger 5 Conforto Amortecimento,327,90,32,79,,
LORENZZO LOPEZ,Kit 3 Tênis Masculino Academia E Corrida Super Macio,199,90,139,93,,
UNDER ARMOUR,Tênis Under Armour Charged Great Unissex Branco Cinza,298,90,269,01,,
VELOCE,Tênis Masculino Esporte Veloce Caminhada Macio Corrida Black,99,83,33,28,,
LEVE STAR,Tenis Masculino Esportivo Caminhada Academia Corrida Malhar.,78,99,57,95,4.3,(954)
FILA,Tênis Fila Efecto Masculino Vermelho Azul Marinho,289,90,32,21,,
DM DAMANDO,Tenis Masculino Confortavel/academia/crossfit + Relógio,77,90,74,67,4.5,(5737)
OLYMPIKUS,Tênis Olympikus Venum Treino Academia Cross Fit Caminhada,229,99,174,79,,
GENERICÁ,Tenis Masculino Olimp Esportivo Barato Promoção Aproveite,59,90,5,82,,
OLYMPIKUS,Tênis Olympikus Subverse,349,99,35,,,
UNDER ARMOUR,Tênis Under Armour Slight 3,359,99,269,99,,
SAPATOFRAN,Tenis Esportivo Masculino Academia Esporte + Relógio Slim,79,90,26,63,,
,Tênis Masculino Olymp Olimp Space Caminhada Barato Promoção,78,90,71,01,4.2,(2815)
FILA,Tênis Fila Maxximus Masculino Running,455,11,44,,,
,Kit Tênis Ortopédico Masculino Original Calce Fácil,229,90,193,80,,
,Combo 2 Tenis Masculino Moderno Casual Promoção Top Esporte,115,11,11,19,,
UNDER ARMOUR,Tênis Under Armour Charged Great Unissex Branco Corrida,289,90,260,91,,
GENÉRICA,Kit 2 Tênis Esportivo Masculino Caminhada Corrida Academia,129,90,32,48,,
,Tênis Masculino Mizun Wave Creation 20 Academia E Corrida,78,77,7,66,,
OLYMPIKUS,Tênis Olympikus Masculino Original Macio Leve,299,99,29,08,,
UNDER ARMOUR,Tênis Under Armour Charged Great Unissex Branco Corrida,289,90,260,91,,
OLYMPIKUS,Tênis Black Old Skool Skate Tradicional Oferta Do Dia,350,50,122,91,,
OLYMPIKUS,Tênis Black Old Skool Skate Tradicional Oferta Que Fala Né,350,50,122,91,,
MIZUNO,Tenis Mizuno Corrida Academia Space 4 Tamanhos Especiais ,358,99,34,80,,
SKECHERS,Tênis Skechers Go Run Max Road 6 Masculino Corrida,1.299,99,129,,,
NEW BALANCE,Tênis Masculino New Balance 997s Sport Original Importado,239,90,203,91,,
OLYMPIKUS,Tenis Olympikus Challenger 5 Branco Cinza Masculino,259,90,25,20,5.0,(1)
NEW BALANCE,Tênis New Balance Masculino Fresh Foam X Kaiha Road,639,90,589,88,,
ASCENSION,Tenis Masculino E Feminino De Caminhada Ortopedico Crossfit,69,90,23,30,4.7,(2980)
ASICS,Kit 2 Pares Tenis Asics Gel Sendai Academia Treino Leve Top,499,98,199,99,,
OLYMPIKUS,Tênis Olympikus Orbita Caminhada Treino Corrida Academia,189,90,18,46,,
OLYMPIKUS,Tênis Olympikus Mescla Cinza,229,99,22,36,,
MAJOR,Tênis Feminino  A-ll Major Star Cano Baixo Clássico Oferta,78,90,69,43,,
,Kit Tênis Masculino Tamanho Especial Esportivo + Relógio,179,90,143,92,,
,Sapatilha Aquática Neoprene Praia Pesca Ciclismo 33 Ao 44,78,89,7,67,,
,Tênis Esportivo De Academia Corrida Caminhada Treino Esporte,249,90,149,94,,
OLYMPIKUS,Olympikus Subverse Masculino Adultos,349,99,314,99,5.0,(1)
REEBOK,Tênis Reebok Nfx Trainer Masculino Cereja Treino Academia,339,90,33,99,,
ASCENSION,Tênis Masculino Esportivo Leve Confortável ,109,90,36,63,,
,Tênis Esportivo Masculino Academia Corrida Confortável Nl450,98,31,32,77,,
,Tênis Caminhada Academia Fitness Conforto Unissex Leve,97,77,9,50,,
,Tenis Meia Calce Facil Colegial Esportivo,49,90,4,84,,
,Tênis Cross Tryd 5400 Academia Caminhada Confortável Leve,99,99,68,99,4.5,(1859)
FREE JUMP,Tênis Esporte Academia Corrida Caminhada Confortável Leve,119,90,89,92,,
ASCENSION,Tenis Masculino E Feminino De Caminhada Ortopedico Crossfit,69,90,23,30,4.7,(2980)
,Tênis Masculino Corrida Esportivo Calce Fácil Academia Nl452,169,90,16,51,,
NEW BALANCE,Tênis New Balance 520v8 Unissex Azul Preto,379,90,341,91,,
REEBOK,Tênis Reebok Energen Lite Plus 3 Masculino,299,90,248,91,,
JAX,Tênis Masculino Esportivo Olymp Treino Corrida Conforto Leve,74,88,56,16,,
,Tênis Masculino Academia Caminhada Corrida Training Bylbow,78,90,68,40,4.6,(3648)
UNDER ARMOUR,Tênis Under Armour Charged Slight 3,399,90,39,99,5.0,(1)
,Tênis Masculino Corrida Esportivo Calce Fácil Academia Nl452,88,90,29,63,,
RAINHA,Tênis Chuteira Futsal Futebol Salão Corrida Academia Macio,108,70,98,91,4.4,(335)
ASICS,Tênis Asics Academia Caminhada Treino Macio Barato Fit Run,310,07,155,,,
,Kit 3 Tenis Masculino Esportivo Corrida Academia Top Moderno,139,90,13,60,5.0,(1)
OLYMPIKUS,Olympikus Only 2 Masculino Adultos,199,99,163,99,4.7,(3369)
ASCENSION,Tênis Esportivo Ortopédico Para Academia Treino Dia A Dia,109,90,10,68,,
ASCENSION,Tenis Masculino Corrida Leve Academia Esportivo,129,90,12,63,,
,Tênis Esportivo Leve Lançamento 2024 Kit Com Meia E Relógio,77,90,74,19,,
ON RUNNING,Tênis On Running Cloudventure Masculino,849,90,84,,,
OLYMPIKUS,Tênis Olympikus Masculino Color Adulto Original Veloz 3 Br,299,99,29,08,,
ASICS,Tênis Asics Academia Caminhada Treino Macio Leve,300,58,150,,,
GENÉRICA,Kit 2 Tênis Esportivo Masculino Caminhada Corrida Academia,129,90,32,48,,
MIZUNO,Tênis Mizuno Wave Frontier Beta Masculino,744,90,74,49,,
NEW BALANCE,Tênis New Balance 997s Sport Masculino Adulto - Exclusivos,216,99,31,,,
,Tênis Masculino New Luxxor Top Moderno Eva 2 Pares Casual,115,11,11,19,,
SKECHERS,Tênis Skechers Go Run Elevate Masculino,409,90,368,91,,
ADIDAS,Tenis Masculino adidas Corrida Runfalcon 5,449,90,44,99,,
UNDER ARMOUR,Under Armour Pacer Masculino Adultos,449,99,260,99,4.6,(1110)
,Kit Tênis Para Academia Caminhada Adulto Masculino + Relógio,69,90,62,91,,
,Tênis Masculino Esportivo Academia Slip On Eva Actvitta,149,90,37,48,,
NEW BALANCE,Tênis New Balance 520 V8 Masculino,399,90,295,92,,
PROSPECT,Tênis Masculino Prospect Taos Caminhada Academia Corrida,69,90,24,46,,
MIZUNO,Tênis Esportivo Mizuno Wave Prophecy 13 Original +nf,1.799,99,179,,,
,Kit Combo 2 Tenis Masculino Academia Caminhada Corrida Top,169,90,152,91,4.6,(2257)
ASICS,Tênis Asics Academia Caminhada Treino Macio Leve,300,58,150,,,
,Kit 2 Tenis Masculino Promoção Casual Macio Top Dia A Dia,134,90,13,11,,
REKOBA,Tenis Caminhada Corrida Masculino Rekoba Leve E Confortável,129,90,103,92,,
VIA LIVRE,Kit Tênis Masculino Treino Corrida Caminha Leve + Relógio,129,99,98,79,,
,Tenis Sapatilha Bike Pesca Corrida Academia Neoprene Confort,53,67,17,,4.6,(821)
,Tênis Masculino Academia Rixxon Leve Promoção Barato ,87,90,60,65,4.5,(680)
,Tenis Esporte Academia Corrida Caminhada Confortável Leve,69,90,6,79,4.5,(662)
ASICS,Tênis Asics Academia Caminhada Treino Macio Barato Fit Run,310,07,155,,,
REKOBA,Tênis Masculino Rekoba Sport Running Treino Original,115,33,11,21,,
DM DAMANDO,Tenis Masculino Esportivo Black Academia Corrida Caminhada,72,90,45,60,4.4,(53)
MIZUNO,Tênis Mizuno Space 4 Masculino Preto-preto,299,99,28,,,
,Tênis Esport Model Running + Fone + Relógio + Caixa De Som,184,90,30,82,,
PUMA,Tênis Masculino E Feminino Flyer Flex Bdp Puma *oferta*,329,90,199,99,4.8,(312)
,Tênis Cross Tryd 5400 Academia Caminhada Confortável Leve,99,99,68,99,4.5,(1859)
OLYMPIKUS,Lindo Tenis Mizzun Oferta Que Fala Né !!!,350,50,122,91,,
REEBOK,Tênis Reebok Nfx Trainer Masculino Cereja Academia Treino,319,90,31,01,,
MIZUNO,Tenis Mizuno Bold Adulto Masculino Original Academia,399,90,299,92,,
OLYMPIKUS,Tênis Olympikus Reverso 2 Corrida Caminhada - Masculino,379,99,36,84,,
ASICS,Tênis Asics Masculino Gel-shogun St Corrida Conforto Treino,439,90,379,88,,
ASICS,Tênis Asics Gel-nagoya St Masculino Preto E Branco Original,439,98,370,28,,
MIZUNO,Tenis Mizuno Bold Adulto Masculino Original Confortavel,399,90,359,91,,
,Sapatilha Aquática Náutica Neoprene Praia Pesca Ciclismo,110,61,10,75,,
EVOLTENN,Kit 3 Pares Tênis Esportivo Masculino Evoltenn Style Corrida,188,90,179,45,4.4,(1942)
OLYMPIKUS,Olympikus Casual Index 3 Masculino Adultos 43611218_1-004,178,20,160,57,4.8,(1884)
OLYMPIKUS,Tênis Olympikus Rayo,299,99,194,99,,
LYND,Tênis Lynd Esportivo Masculino 664 Y98 Caminhada Original,239,99,23,33,,
OUSY SHOES,Kit 2 Tênis Masculino Academia Easy Cadarço Caminhada Novo,159,90,125,40,4.5,(145)
,Tênis Masculino Olymp Olimp Space Caminhada Barato Promoção ,78,99,64,77,4.4,(2863)
PUMA,Tênis Flyer Runner Mesh Bdp Puma,329,90,199,90,4.8,(1004)
ACTVITTA,"Tênis Actvitta Unissex Para Correr | Lançamento, Confortável",199,90,189,90,,
DM DAMANDO,Kit Tenis Confortavel Masculino P/academia Corrida + Relógio,78,90,74,95,4.6,(399)
GENÉRICA,Tênis Esportivo Masculino Caminhada Corrida Academia Leve,69,90,6,79,,
OLYMPIKUS,Olympikus Voa 2 Feminino Adultos,299,99,233,99,4.8,(318)
GENÉRICA,Tênis Esportivo Masculino Caminhada Corrida Academia Leve,69,90,6,79,,
,Tênis Masculino Esportivo Corrida Academia Confortável Nl434,77,90,25,97,,
OLYMPIKUS,Olympikus Treino Proof 3 Masculino Adultos,199,99,179,99,4.8,(2081)
EVOLTENN,Combo 3 Pares Tênis Sola Trançada Masculino/feminino Corrida,189,90,180,40,,
LORENZZO LOPEZ,Kit 2 Tênis Masculino Corrida E Academia Esportivo Confort,189,90,123,43,,
LEVE STAR,Tenis Masculino Esportivo Caminhada Academia Corrida Malhar.,78,99,57,95,4.3,(954)
,Tenis Para Caminhada Academia Corrida Treino - Leve E Macio,64,90,6,31,4.5,(467)
OLYMPIKUS,Tênis Olympikus Veloz 3 Masculino Corrida - Caminhada,299,90,33,32,,
,Tênis Esportivo Treino Anti Impacto Leve Flexivel Confort,144,90,130,41,,
OLLIE,Tênis Masculino Ollie Virtus Academia Corrida Macio Branco,169,99,151,29,,
NEW BALANCE,Tênis New Balance 520 V8 Masculino,399,90,295,92,,
OLYMPIKUS,Tenis Olympik Dynamic Corrida Treino Dia A Dia Adultos,174,99,124,24,,
OLYMPIKUS,Tênis Masculino Olimpicos Estilo Amortecedor Corrida Impacto,245,90,23,90,,
,Tenis Feminino Olimp Esportivo Promoção Barato Aproveite,59,90,5,82,,
OLYMPIKUS,Tenis Olympikus Corrida Veloz 2 Masculino,199,90,189,90,,
,Tênis Esportivo Academia Corrida Caminhada Conforto 2 Pares,79,90,26,63,,
,Tenis Masculino Original Para Caminhada E Academia + Relogio,79,90,39,95,4.4,(47)
SKECHERS,Tênis Skechers Go Run Fast Branco Masculino,379,90,37,99,,
,Tênis Corrida Bolha Plus 3 Tn Muito Leve Novo Cr7 Mes,113,67,37,89,,
,Tenis Infantil Calce Fácil Sem Cadarço Meia Menino Menina,54,90,49,95,,
,Tênis Masculino Advenced Esportivo Academia Super Leve Nl357,98,31,32,77,4.5,(6)
ASICS,Tênis Asisc Reveletion Varias Cores Confortavel Promoção,125,99,31,50,,
VIA LIVRE,Tênis Masculino Advanced Running Ultra Leve Macio Academia,129,90,32,48,,
ASICS,Tênis Asics Gel Sendai Couro Leve Macio Promoção Garantia,499,90,159,96,,
NEW BALANCE,Tênis New Balance Fresh Foam X 1080 V12 Homem,999,90,749,92,,
OLYMPIKUS,Tênis Masculino Olimp Para Corrida E Caminhada Macio E Leve,279,99,229,59,5.0,(45)
VILI,Tênis Masculino Academia Caminhada Vili Barato Leve Corrida,109,90,10,68,4.5,(2619)
OLIMPAK,Tênis Masculino Olimpak Para Academia Caminhada Original,109,29,103,82,4.5,(2417)
OLDSEN,Tenis Corrida Casual Insanity Leve Confortável Macio 34-43,63,90,6,21,4.5,(328)
MIZUNO,Tênis De Corrida Masculino Mizuno Wave Zest,449,75,336,67,,
ASICS,Tênis Masculino Asics Academia Envio Imeditao Promoção Full,300,,114,,,
OLDSEN,Tenis Masculino Unissex Botinha Corrida Academia Promoção,78,90,74,95,4.4,(1351)
BOX200,Tênis Masculino Tamanho Especial Esporte Caminhada Box 200,89,90,76,41,4.5,(744)
T-SHOES,Tênis Extremecross Speed Trekking Trilha Ciclismo Corrida,174,49,155,29,4.5,(342)
OLYMPIKUS,Tênis Olympikus Perfect 4 Masculino Esportivo Confortável  ,349,99,225,99,4.6,(49)
,Sapatilha Aquática Antiderrapante Praia Pesca Corrida,79,90,26,63,,
,Tênis Masculino Feminino Caminhada Dia A Dia Tradicional,82,99,27,66,,
,Tenis Masculino Academia Corrida Caminhada Leve Barato,69,90,59,41,4.6,(951)
FILA,Tênis Fila Float Maxxi 2 Pro Laranja E Azul Original,947,36,899,99,,
FILA,Fila Float ACER Masculino Adultos 1104585,499,90,284,99,4.5,(34)
,Tenis Corrida Masculino Academia Caminhada Conforto +relógio,34,90,11,63,,
JOHNCAT,Tênis Masculino Leve P/ Caminhada Academia Corrida Sapatênis,169,90,33,98,,
OLYMPIKUS,Tênis Masculino Olympikus Original Academia Preto Adulto ,212,49,165,90,4.7,(1169)
PROSPECT,Tênis Masculino Prospect Fly Academia Esporte Corrida Leve,69,90,44,73,4.0,(55)
,Tênis Masculino Mercedes Petronas Mapf1 Amg Corrida Promoção,159,99,95,99,,
VIA LIVRE,Kit Tênis Masculino Advanced Run Ultra Leve Academia+relógio,129,98,32,49,,
OLYMPIKUS,Tênis Masculino Taurus Olympikus *oferta*,279,99,163,66,4.8,(1992)
OLYMPIKUS,Olympikus Casual Triunfo 2 Masculino Adultos,229,90,154,90,4.8,(553)
,Tênis Cross Tryd 5400 Academia Caminhada Confortável Leve,99,99,68,99,4.5,(1859)
VELOCE,Tênis Masculino Esporte Veloce Caminhada Macio Corrida Black,99,83,33,28,,
LEVE STAR,Tenis Masculino Esportivo Caminhada Academia Corrida Malhar.,78,99,57,95,4.3,(954)
OLYMPIKUS,Olympikus Casual Triunfo 2 Masculino Adultos,229,90,154,90,4.8,(553)
JOHNCAT,Tênis Masculino Academia Neutra Casual Caminhada Confortável,159,90,15,54,,
,Tênis Olympikus Diffuse 5 Masculino Caminhada Original,309,99,294,49,,
,Tênis Masculino Feminino Academia Caminhada Loobs Sport,39,90,13,30,,
SAPATOFRAN,Sapatilha Aquatica Maculina Antiderrapante Praia Pesca Mar,78,90,71,01,,
,Tenis Masculino Feminino Academia Leve Macio Confortável,78,99,71,09,4.5,(2214)
FILA,Tênis Fila Efecto Masculino Vermelho Azul Marinho,289,90,32,21,,
FREE JUMP,Tênis Esporte Academia Corrida Caminhada Confortável Leve,119,90,89,92,,
,Tênis Masculino Corrida Esportivo Calce Fácil Academia Nl452,88,90,29,63,,
FILA,Tênis Fila Recovery Preto Azul Masculino ,374,90,36,35,,
OLYMPIKUS,Tênis Olympikus Index 3 Treino Caminhada Academia Corrida,189,90,31,65,4.8,(76)
,Tênis Masculino Ecotênis Extra Leve Academia Esportivo,59,90,5,82,,
FILA,Fila Running Progress Masculino Adultos,366,59,329,93,4.7,(209)
,Tenis Academia Corrida Caminhada Esportivo Crossfit +relogio,34,90,11,63,,
ADIDAS,Tênis Masculino Duramo Sl adidas,499,99,338,84,4.9,(44)
,Tênis Calce Fácil Masculino Feminino Vários Tamanhos Barato,89,90,79,11,,
,Kit 3 Tênis Masculino Meia Sem Cadarço Calce Fácil Conforto,152,40,30,,,
,Tenis Meia Infantil Calce Fácil Tela Respiravel Menino,49,90,4,84,,
MOLEKINHO,Tênis Menino Casual Calce Fácil Dia A Dia Conforto Original,78,88,74,93,5.0,(40)
NEW BALANCE,New Balance 500 V2 Masculino Adultos,379,99,300,19,4.6,(62)
OLDSEN,Tênis Masculino Jaguar Oldsen Treino Corrida Promoção Top,78,97,7,68,4.4,(3053)
UNDER ARMOUR,Under Armour Charged Skyline 4 Masculino Adultos,399,99,40,,4.8,(43)
FILA,Tênis Fila Masculino Prisma Original,417,98,279,75,,
,Tênis Feminino Masculino Academia Caminhada Loobs Sport,39,90,3,87,,
,Tênis Olympikus Index Esportivo Masculino Academia Original,189,99,18,47,4.9,(69)
,Tênis Esporte Masculino Pronta Entrega Barato,66,90,63,55,4.4,(1548)
PROSPECT,Tênis Masculino Prospect Fly Caminhada Leve Entrega Rápida,69,90,34,95,,
,Tenis Masculino Confortavel Leve Academia Promoçao Original,99,90,84,90,4.5,(243)
MIZUNO,Tênis De Corrida Mizuno Cool Ride 2 Adulto - Original,399,90,379,90,,
OLYMPIKUS,Tênis Olympikus Masculino,175,,35,,,
OLYMPIKUS,Olympikus Casual Jogging 100 Sem gênero Adultos OBTN068_1-012,229,99,154,80,4.7,(3575)
FILA,Fila Float Maxxi 2 Pro Masculino Adultos,899,90,760,95,5.0,(20)
,Tênis Unisex Academia Resistente Promoção Kit Relógio / Meia,75,90,72,10,,
,Sapatilha Aquática Unissex Rio Pesca Praia Neoprene Flexível,78,90,61,54,4.8,(89)
,Tenis Masculino Olimp Esportivo Promoção Entrega Rápida,59,90,5,82,,
SAPATOFRAN,Tênis Masculino Esportivo Academia Kit C/meia Lupo + Relógio,149,90,98,93,4.3,(2729)
,Kit 2 Tênis Masculino Ferrari New Scuderia Confort Qualidade,299,99,176,99,,
,Tenis Masculino Para Academia #promoção,77,90,58,42,4.6,(732)
DM DAMANDO,Tenis Masculino Esportivo Academia Confortavel Crossfit Leve,82,90,8,06,4.7,(14)
UNDER ARMOUR,Tênis Under Armour Charged Great,299,99,269,99,,
UNDER ARMOUR,Tênis Under Armour Tribase Reps Masculino Original,499,90,49,,,
,Tênis Performance Tryd Ultimate Sprint 1 - Corrida E Fitness,169,99,101,99,4.8,(12)
,Tenis Olimp Masculino Academia Mega Fast Corrida Confortavel,119,90,99,51,4.2,(619)
,Tenis Sport Titanium 277  Original - Esportivo,78,90,59,17,4.4,(1994)
MIZUNO,Tenis Corrida Mizuno Academia Space 4 Tamanhos Especiais ,359,99,36,,,
UNDER ARMOUR,Tênis Under Armour Tribase Reps Masculino Original,499,38,48,,,
DIX,Tênis Para Academia Masculino Malhar Corrida Promoção,78,90,61,54,4.5,(2585)
FILA,Tênis Fila Float Maxxi 2 Pro Black Marine,599,90,59,99,5.0,(1)
OLYMPIKUS,Tênis Olimpicos Masculino Todo Preto Uniforme Escola Militar,193,90,18,85,,
OLYMPIKUS,Tênis Olympikus Conex Esportivo Masculino Original,210,20,193,20,,
,Tenis Masculino E Feminino Olimp Academia Corrida Promoção,59,90,5,82,,
OLYMPIKUS,Tênis Masculino Oly Dynamic Academia Caminhada,190,98,114,58,,
OUSY SHOES,Kit Tênis Masculino Caminhada 3 Pares Easy Confortável Combo,229,90,172,42,4.5,(8518)
ASICS,Tênis Asics Original Moda Gel Couro Academia Macio Unissex,333,33,99,99,,
MIZUNO,Tênis Mizuno Wave Stratos 2 Masculino- Branco,718,10,682,21,,
OLYMPIKUS,Olympikus Treino Proof 3 Masculino Adultos,199,99,179,99,4.8,(2081)
RAINHA,Tênis Rainha Vl 2500 Futsal Vôlei Academia Capoeira Corrida,78,90,7,67,4.6,(1057)
,Tênis Academia Branco Esporte Corrida Caminhada Confortável,34,90,11,63,,
OLYMPIKUS,Tênis Olympikus Veloz 3,299,90,33,32,,
WM,Tenis Masculino Feminino Academia Do 34 A 43 Pronta Entrega,79,68,7,,,
,Tenis Revelation Masculino Feminino Pronta Entrega 34 Ao 43,89,99,8,75,,
OLYMPIKUS,Olympikus 24/7 Lap Masculino Adultos 43769946,149,90,14,57,4.8,(10572)
,Tenis Masculino Olimp Esportivo Promoção Barato Aproveite,79,90,7,77,,
,Kit Tênis P/ Academia Treino Masculino Ultra Leve + Relógio,69,90,59,41,,
,Kit 2 Tenis Meia Infantil Calce Fácil Telinha Respirável,78,90,7,67,5.0,(2)
OLYMPIKUS,Tênis Olympikus Veloz 3 Esportivo Masculino Original,315,80,289,10,,
,Kit Tenis Sapatenis Masculino Sport Fino + Acessórios Oferta,199,90,33,32,,
OLYMPIKUS,Tenis Olympikus Veloz 3 Corrida Original Nf Running,359,88,269,91,,
,Kit 2 Tenis Masculino Esportivo Adulto Caminhada Corrida To,158,70,15,43,4.4,(406)
OLYMPIKUS,Tênis Olympikus Dynamic Esportivo Masculino Original Ref -34,289,99,230,66,4.8,(53)
OLYMPIKUS,Tenis Olympikus Unissex Swift 4 Corrida Academia Cross Novo,279,99,195,99,5.0,(4)
FILA,Fila Recovery Masculino Adultos,311,10,31,,4.7,(1549)
GENÉRICA,Tênis Masculino Esportivo Caminhada Corrida Academia,79,90,26,63,,
,Tênis Bolsonaro Masculino Feminino Patriota Style Super Leve,199,90,33,32,4.7,(232)
UNDER ARMOUR,Under Armour Charged Quicker Masculino Adultos,399,99,299,99,4.9,(105)
FILA,Tênis Fila Carbon Tri Unissex Esporte Corrida Triathlon,699,99,524,99,,
FILA,Tênis Fila Masculino Step Original,329,98,228,31,,
ADIDAS,Tênis Corrida Runfalcon 5 adidas,399,99,268,79,4.8,(125)
WM,Tenis Olimp Masculino Feminino Lançamento Muito Envio Rápido,149,99,107,99,4.4,(87)
OLYMPIKUS,Tenis Olympik Dynamic Corrida Treino Dia A Dia Adultos,174,99,124,24,,
,adidas Runfalcon 5 Masculino Adultos,268,,,,,
SKECHERS,Skechers Ultra Flex 2.0 Mirkon Masculino Adultos,346,60,34,,4.6,(10)
SKECHERS,Skechers GORun Fast Masculino Adultos,269,90,33,74,4.3,(6)
MIZUNO,Tênis Mizuno Arrow Masculino,399,90,323,95,,
MIZUNO,Tenis Mizuno Wave Creation 20 Masculino Pronta Entrega 38-43,499,99,149,99,,
,Kit 2 Tenis Infantil Calce Fácil Sem Cadarço Meia Menino,69,90,6,79,,
,Tênis Bolsonaro : Liberdade Style Super Confortável ,169,90,33,98,4.8,(173)
OUSY SHOES,Kit 2 Tênis Masculino Academia Easy Cadarço Caminhada Novo,159,90,125,40,4.5,(145)
MIZUNO,Mizuno Wave Mirai 5 Masculino Adultos,273,33,30,,4.5,(727)
,Kit Tênis Esporte Academia Corrida Caminhada Combo 2 Pares,59,90,19,97,,
OLYMPIKUS,Olympikus Corre Trilha Sem gênero Adultos,599,90,449,92,5.0,(21)
ASCENSION,Tênis Esportivo Ortopédico Para Academia Treino Dia A Dia,144,90,127,51,4.5,(476)
WM,Tenis Masculino Feminino Olimp Exclusivo Pronta Entrega,199,99,109,99,4.4,(361)
PROSPECT,Kit 3 Tênis Masculino Prospect Speed Academia Leve + Relógio,219,90,138,53,4.3,(64)
,Kit Tênis Masculino Casual Linha Confort Anti Stress Oferta,83,02,27,67,,
SAPATOFRAN,Tênis Masculino Academia Corrida Caminhada Cross Fit Barato,102,90,90,55,5.0,(2)
RAINHA,Tênis Chuteira Futsal Futebol Salão Corrida Academia Macio,108,70,98,91,4.4,(335)
DUBBELE,Tenis Masculino Academia Corrida Wave Force Promoção Barato,73,98,7,19,4.2,(566)
MIZUNO,Mizuno Wave Vitality 4 Masculino Adultos,229,99,32,86,4.7,(213)
